<?xml version="1.0" encoding="UTF-8"?>
<!DOCTYPE hibernate-configuration PUBLIC
"-//Hibernate/Hibernate Configuration DTD 3.0//EN"
"http://www.hibernate.org/dtd/hibernate-configuration-3.0.dtd">
<hibernate-configuration>
	<session-factory>
		<!-- Database connection settings -->
		<property name="connection.driver_class">com.mysql.cj.jdbc.Driver</property>
		<property name="connection.url">jdbc:mysql://cobmysql.uhcl.edu/undavallit1408?useSSL=false</property>
		<property name="connection.username">undavallit1408</property>
		<property name="connection.password">2441408</property>
		<property name="show_sql">true</property>
		
		<mapping class="eServiceHibernate.Course"/>
		
	</session-factory>
</hibernate-configuration>
